ID,IMIE,NAZWISKO,NR_TELEFONU,EMAIL
1,Zofia,Wójcik,26604053,zofia.wójcik@gmail.com
2,Michał,Nowak,978142581,michał.nowak@gmail.com
3,Ewa,Kowalski,158498427,ewa.kowalski@gmail.com
4,Agnieszka,Baran,871056692,agnieszka.baran@gmail.com
5,Piotr,Baran,318633671,piotr.baran@gmail.com
6,Jan,Dąbrowski,92029121,jan.dąbrowski@gmail.com
7,Marcin,Dąbrowski,746877548,marcin.dąbrowski@gmail.com
8,Katarzyna,Nowak,604539748,katarzyna.nowak@gmail.com
9,Tomasz,Lewandowski,255979485,tomasz.lewandowski@gmail.com
10,Ewa,Lewandowski,748847012,ewa.lewandowski@gmail.com
11,Anna,Kaczmarek,498564730,anna.kaczmarek@mail.com
12,Wojciech,Kowalski,908172634,wojciech.kowalski@outlook.com
13,Patryk,Zieliński,421637950,patryk.zielinski@hotmail.com
14,Julia,Nowak,519385672,julia.nowak@gmail.com
15,Michał,Szymański,710264185,michal.szymanski@wp.pl
16,Karolina,Dąbrowska,817356392,karolina.dabrowska@o2.pl
17,Krzysztof,Wiśniewski,604527819,krzysztof.wisniewski@mail.com
18,Marta,Wójcik,323758641,marta.wojcik@gmail.com
19,Dawid,Kamiński,502937154,dawid.kaminski@interia.pl
20,Katarzyna,Lewandowska,694523786,katarzyna.lewandowska@wp.pl
21,Sebastian,Nowakowski,831648259,sebastian.nowakowski@o2.pl
22,Ewa,Zawisza,435178602,ewa.zawisza@gmail.com
23,Adam,Baran,612459738,adam.baran@outlook.com
24,Monika,Pawlak,438172905,monika.pawlak@interia.pl
25,Jakub,Kwiatkowski,905762314,jakub.kwiatkowski@mail.com
26,Emilia,Jankowska,823461059,emilia.jankowska@wp.pl
27,Robert,Kowal,649382715,robert.kowal@gmail.com
28,Izabela,Walentowicz,584320746,izabela.walentowicz@o2.pl
29,Tadeusz,Nowicki,728463159,tadeusz.nowicki@interia.pl
30,Zuzanna,Kaczmarek,517398624,zuzanna.kaczmarek@gmail.com
